Workbook

Sheet lookup
A1: course_id | B1: course | C1: department
A2: C1 | B2: Excel | C2: Business
A3: C2 | B3: PowerBI | C3: Business
A4: C3 | B4: SQL | C4: Technology
A5: C4 | B5: Python | C5: Technology

Sheet raw_data
A1: assessment_id | B1: month | C1: course_id | D1: batch | E1: score | F1: attendance_pct | G1: assessment_id
A2: 1 | B2: Jan | C2: C1 | D2: Morning | E2: 72 | F2: 90 | G2: 1
A3: 2 | B3: Jan | C3: C2 | D3: Evening | E3: 45 | F3: 70 | G3: 2
A4: 3 | B4: Jan | C4: C3 | D4: Morning | E4: 65 | F4: 85 | G4: 3
A5: 4 | B5: Jan | C5: C4 | D5: Weekend | E5: 38 | F5: 60 | G5: 4
A6: 5 | B6: Feb | C6: C1 | D6: Evening | E6: 80 | F6: 95 | G6: 5
A7: 6 | B7: Feb | C7: C2 | D7: Weekend | E7: 55 | F7: 80 | G7: 6
A8: 7 | B8: Feb | C8: C3 | D8: Morning | E8: 48 | F8: 75 | G8: 7
A9: 8 | B9: Feb | C9: C4 | D9: Evening | E9: 68 | F9: 88 | G9: 8
A10: 9 | B10: Mar | C10: C1 | D10: Weekend | E10: 90 | F10: 98 | G10: 9
A11: 10 | B11: Mar | C11: C2 | D11: Morning | E11: 60 | F11: 82 | G11: 10
A12: 11 | B12: Mar | C12: C3 | D12: Evening | E12: 75 | F12: 92 | G12: 11
A13: 12 | B13: Mar | C13: C4 | D13: Weekend | E13: 42 | F13: 65 | G13: 12
A14: 12 | B14: Mar | C14: C4 | D14: Weekend | E14: 42 | F14: 65 | G14: 12

Sheet clean
A1: assessment_id | B1: month | C1: course_id | D1: batch | E1: score | F1: attendance_pct | G1: assessment_id2 | H1: departments | I1: pass_flag | K1: previoous_data count | M1: clean_data_count
A2: 1 | B2: Jan | C2: C1 | D2: Morning | E2: 72 | F2: 90 | G2: 1 | H2: =_xlfn.XLOOKUP(clean!C2,lookup!A2:A5,lookup!C2:C5) -> Business | I2: =IF(E2>=50,1,0) -> 1 | K2: =COUNTA(raw_data!A2:A14) -> 13 | M2: =COUNTA(A2:A13) -> 12
A3: 2 | B3: Jan | C3: C2 | D3: Evening | E3: 45 | F3: 70 | G3: 2 | H3: =_xlfn.XLOOKUP(clean!C3,lookup!A3:A6,lookup!C3:C6) -> Business | I3: =IF(E3>=50,1,0) -> 0
A4: 3 | B4: Jan | C4: C3 | D4: Morning | E4: 65 | F4: 85 | G4: 3 | H4: =_xlfn.XLOOKUP(clean!C4,lookup!A4:A7,lookup!C4:C7) -> Technology | I4: =IF(E4>=50,1,0) -> 1
A5: 4 | B5: Jan | C5: C4 | D5: Weekend | E5: 38 | F5: 60 | G5: 4 | H5: =_xlfn.XLOOKUP(clean!C5,lookup!A5:A8,lookup!C5:C8) -> Technology | I5: =IF(E5>=50,1,0) -> 0
A6: 5 | B6: Feb | C6: C1 | D6: Evening | E6: 80 | F6: 95 | G6: 5 | H6: =_xlfn.XLOOKUP(clean!C6,lookup!A2:A5,lookup!C2:C5) -> Business | I6: =IF(E6>=50,1,0) -> 1
A7: 6 | B7: Feb | C7: C2 | D7: Weekend | E7: 55 | F7: 80 | G7: 6 | H7: =_xlfn.XLOOKUP(clean!C7,lookup!A3:A6,lookup!C3:C6) -> Business | I7: =IF(E7>=50,1,0) -> 1
A8: 7 | B8: Feb | C8: C3 | D8: Morning | E8: 48 | F8: 75 | G8: 7 | H8: =_xlfn.XLOOKUP(clean!C8,lookup!A4:A7,lookup!C4:C7) -> Technology | I8: =IF(E8>=50,1,0) -> 0
A9: 8 | B9: Feb | C9: C4 | D9: Evening | E9: 68 | F9: 88 | G9: 8 | H9: =_xlfn.XLOOKUP(clean!C9,lookup!A5:A8,lookup!C5:C8) -> Technology | I9: =IF(E9>=50,1,0) -> 1
A10: 9 | B10: Mar | C10: C1 | D10: Weekend | E10: 90 | F10: 98 | G10: 9 | H10: =_xlfn.XLOOKUP(clean!C10,lookup!A2:A5,lookup!C2:C5) -> Business | I10: =IF(E10>=50,1,0) -> 1
A11: 10 | B11: Mar | C11: C2 | D11: Morning | E11: 60 | F11: 82 | G11: 10 | H11: =_xlfn.XLOOKUP(clean!C11,lookup!A3:A6,lookup!C3:C6) -> Business | I11: =IF(E11>=50,1,0) -> 1
A12: 11 | B12: Mar | C12: C3 | D12: Evening | E12: 75 | F12: 92 | G12: 11 | H12: =_xlfn.XLOOKUP(clean!C12,lookup!A4:A7,lookup!C4:C7) -> Technology | I12: =IF(E12>=50,1,0) -> 1
A13: 12 | B13: Mar | C13: C4 | D13: Weekend | E13: 42 | F13: 65 | G13: 12 | H13: =_xlfn.XLOOKUP(clean!C13,lookup!A5:A8,lookup!C5:C8) -> Technology | I13: =IF(E13>=50,1,0) -> 0

Sheet summery
A1: batch | B1: count_pass
A2: Morning | B2: =COUNTIFS(clean!D2:D13,summery!A2,clean!I2:I13,1) -> 3 | F2: Average of score | G2: Column Labels
A3: Evening | B3: =COUNTIFS(clean!D3:D14,summery!A3,clean!I3:I14,1) -> 3 | F3: Row Labels | G3: Jan | H3: Feb | I3: Mar | J3: Grand Total
A4: Weekend | B4: =COUNTIFS(clean!D4:D15,summery!A4,clean!I4:I15,1) -> 2 | F4: Business | G4: 58.5 | H4: 67.5 | I4: 75 | J4: 67
F5: Technology | G5: 51.5 | H5: 58 | I5: 58.5 | J5: 56
F6: Grand Total | G6: 55 | H6: 62.75 | I6: 66.75 | J6: 61.5
